year,total_all_hunters,total_pop_16_older,participation_rate
1991,"14,063,000",189966000,0.074029037
1996,13975000,201472000,0.069364477
2001,,,
2006,,,
2011,,,
2016,,,