year,total_all_hunters,total_pop_16_older,participation_rate
1991,14063000,189966000,0.074029037
1996,13975000,201472000,0.069364477
2001,13034000,212298000,0.061394832
2006,12510000,229245000,0.054570438
2011,13674000,239313000,0.057138559
2016,11453000,254686000,0.044969099